"rules";"support";"confidence";"lift";"count"
"{21263301000188} => {07253912000114}";0.0106422018348624;0.90625;33.3720439189189;29
"{07253912000114} => {21263301000188}";0.0106422018348624;0.391891891891892;33.3720439189189;29
"{36325157000134} => {44734671000151}";0.0102752293577982;0.903225806451613;45.5794504181601;28
"{44734671000151} => {36325157000134}";0.0102752293577982;0.518518518518518;45.5794504181601;28
"{07768887000101} => {44734671000151}";0.0102752293577982;0.717948717948718;36.2298195631529;28
"{44734671000151} => {07768887000101}";0.0102752293577982;0.518518518518518;36.2298195631529;28
"{09391102000150} => {07253912000114}";0.0102752293577982;0.8;29.4594594594595;28
"{07253912000114} => {09391102000150}";0.0102752293577982;0.378378378378378;29.4594594594595;28
"{08676370000155} => {44734671000151}";0.0110091743119266;0.810810810810811;40.9159159159159;30
"{44734671000151} => {08676370000155}";0.0110091743119266;0.555555555555556;40.9159159159159;30
"{01402400000196} => {44734671000151}";0.0102752293577982;0.7;35.3240740740741;28
"{44734671000151} => {01402400000196}";0.0102752293577982;0.518518518518518;35.3240740740741;28
"{01151850000153} => {71443667000107}";0.0135779816513761;0.725490196078431;34.0855307640297;37
"{71443667000107} => {01151850000153}";0.0135779816513761;0.637931034482759;34.0855307640298;37
"{01151850000153} => {12925007000101}";0.0113761467889908;0.607843137254902;33.1274509803922;31
"{12925007000101} => {01151850000153}";0.0113761467889908;0.62;33.1274509803922;31
"{01151850000153} => {12066474000115}";0.0102752293577982;0.549019607843137;28.7707390648567;28
"{12066474000115} => {01151850000153}";0.0102752293577982;0.538461538461538;28.7707390648567;28
"{01151850000153} => {08587102000167}";0.011743119266055;0.627450980392157;27.1397447868036;32
"{08587102000167} => {01151850000153}";0.011743119266055;0.507936507936508;27.1397447868036;32
"{01151850000153} => {07253912000114}";0.0124770642201835;0.666666666666667;24.5495495495495;34
"{07253912000114} => {01151850000153}";0.0124770642201835;0.459459459459459;24.5495495495495;34
"{02415338000130} => {15121468000101}";0.0102752293577982;0.736842105263158;18.2535885167464;28
"{71443667000107} => {12925007000101}";0.0135779816513761;0.637931034482759;34.7672413793103;37
"{12925007000101} => {71443667000107}";0.0135779816513761;0.74;34.7672413793103;37
"{71443667000107} => {07253912000114}";0.0143119266055046;0.672413793103448;24.7611835973905;39
"{07253912000114} => {71443667000107}";0.0143119266055046;0.527027027027027;24.7611835973905;39
"{12925007000101} => {12066474000115}";0.0106422018348624;0.58;30.3942307692308;29
"{12066474000115} => {12925007000101}";0.0106422018348624;0.557692307692308;30.3942307692308;29
"{12925007000101} => {08587102000167}";0.0106422018348624;0.58;25.0873015873016;29
"{08587102000167} => {12925007000101}";0.0106422018348624;0.46031746031746;25.0873015873016;29
"{12925007000101} => {07253912000114}";0.0139449541284404;0.76;27.9864864864865;38
"{07253912000114} => {12925007000101}";0.0139449541284404;0.513513513513513;27.9864864864865;38
"{06205427000102} => {14801463000167}";0.0110091743119266;0.526315789473684;17.9276315789474;30
"{14801463000167} => {06205427000102}";0.0110091743119266;0.375;17.9276315789474;30
"{06205427000102} => {00482840000138}";0.0132110091743119;0.631578947368421;18.7070938215103;36
"{00482840000138} => {06205427000102}";0.0132110091743119;0.391304347826087;18.7070938215103;36
"{06205427000102} => {15121468000101}";0.0143119266055046;0.684210526315789;16.9497607655502;39
"{15121468000101} => {06205427000102}";0.0143119266055046;0.354545454545455;16.9497607655502;39
"{04389596000114} => {08398304000160}";0.0102752293577982;0.538461538461538;19.3066801619433;28
"{08398304000160} => {04389596000114}";0.0102752293577982;0.368421052631579;19.3066801619433;28
"{04389596000114} => {08573956000194}";0.0102752293577982;0.538461538461538;18.1149097815764;28
"{08573956000194} => {04389596000114}";0.0102752293577982;0.345679012345679;18.1149097815764;28
"{04389596000114} => {00482840000138}";0.0110091743119266;0.576923076923077;17.0882107023411;30
"{00482840000138} => {04389596000114}";0.0110091743119266;0.326086956521739;17.0882107023411;30
"{04389596000114} => {15121468000101}";0.015045871559633;0.788461538461538;19.5323426573427;41
"{15121468000101} => {04389596000114}";0.015045871559633;0.372727272727273;19.5323426573427;41
"{23103308000168} => {08658622000113}";0.0106422018348624;0.69047619047619;16.7995323129252;29
"{18599915000120} => {24845457000165}";0.0110091743119266;0.909090909090909;11.4160033514872;30
"{12066474000115} => {07253912000114}";0.0102752293577982;0.538461538461538;19.8284823284823;28
"{07253912000114} => {12066474000115}";0.0102752293577982;0.378378378378378;19.8284823284823;28
"{12066474000115} => {13440815000133}";0.0110091743119266;0.576923076923077;25.7723833543506;30
"{13440815000133} => {12066474000115}";0.0110091743119266;0.491803278688525;25.7723833543506;30
"{12066474000115} => {17930162000121}";0.0110091743119266;0.576923076923077;25.7723833543506;30
"{17930162000121} => {12066474000115}";0.0110091743119266;0.491803278688525;25.7723833543506;30
"{06957510000138} => {03961467000196}";0.0102752293577982;1;97.3214285714286;28
"{03961467000196} => {06957510000138}";0.0102752293577982;1;97.3214285714286;28
"{06964297000191} => {23312871000146}";0.0110091743119266;0.612244897959184;21.6671084018023;30
"{23312871000146} => {06964297000191}";0.0110091743119266;0.38961038961039;21.6671084018023;30
"{19213013000177} => {12957821000108}";0.011743119266055;0.680851063829787;16.7145869273529;32
"{08691984000106} => {16701048000167}";0.0106422018348624;1;93.9655172413793;29
"{16701048000167} => {08691984000106}";0.0106422018348624;1;93.9655172413793;29
"{08587102000167} => {07253912000114}";0.0128440366972477;0.555555555555556;20.457957957958;35
"{07253912000114} => {08587102000167}";0.0128440366972477;0.472972972972973;20.457957957958;35
"{13734839000103} => {08894886000176}";0.0102752293577982;0.736842105263158;60.8452950558214;28
"{08894886000176} => {13734839000103}";0.0102752293577982;0.848484848484849;60.8452950558214;28
"{13734839000103} => {20587905000117}";0.0106422018348624;0.763157894736842;40.7765737874097;29
"{20587905000117} => {13734839000103}";0.0106422018348624;0.568627450980392;40.7765737874097;29
"{15387684000101} => {24858072000132}";0.0106422018348624;0.763157894736842;50.722079589217;29
"{24858072000132} => {15387684000101}";0.0106422018348624;0.707317073170732;50.7220795892169;29
"{11098524000183} => {12957821000108}";0.0113761467889908;0.738095238095238;18.1199056199056;31
"{17451234000158} => {03655629000168}";0.0110091743119266;0.508474576271186;8.15054835493519;30
"{17451234000158} => {00761025000108}";0.0132110091743119;0.610169491525424;7.22918201915991;36
"{14968227000130} => {24830144000133}";0.0113761467889908;0.62;20.6036585365854;31
"{24830144000133} => {14968227000130}";0.0113761467889908;0.378048780487805;20.6036585365854;31
"{43899665000191} => {13961486000176}";0.0110091743119266;0.714285714285714;29.0511727078891;30
"{13961486000176} => {43899665000191}";0.0110091743119266;0.447761194029851;29.0511727078891;30
"{11099588000107} => {15724019000158}";0.0106422018348624;0.743589743589744;15.7076128006361;29
"{11099588000107} => {03655629000168}";0.0106422018348624;0.743589743589744;11.9193061840121;29
"{12831481000166} => {24845457000165}";0.0124770642201835;0.80952380952381;10.1656791748958;34
"{12981327000170} => {08658622000113}";0.0106422018348624;0.617021276595745;15.0123480243161;29
"{12981327000170} => {24845457000165}";0.0106422018348624;0.617021276595745;7.74830865771154;29
"{12981327000170} => {00761025000108}";0.0124770642201835;0.723404255319149;8.57076780758557;34
"{22858929000199} => {24845457000165}";0.0102752293577982;0.756756756756757;9.50305143853531;28
"{09313600000184} => {11464383000175}";0.0102752293577982;0.875;7.92151162790698;28
"{18277880000103} => {08658622000113}";0.0106422018348624;0.630434782608696;15.3387034161491;29
"{10717639000146} => {03655629000168}";0.011743119266055;0.864864864864865;13.8632750397456;32
"{14801463000167} => {08398304000160}";0.0168807339449541;0.575;20.6167763157895;46
"{08398304000160} => {14801463000167}";0.0168807339449541;0.605263157894737;20.6167763157895;46
"{14801463000167} => {08573956000194}";0.0165137614678899;0.5625;18.9236111111111;45
"{08573956000194} => {14801463000167}";0.0165137614678899;0.555555555555556;18.9236111111111;45
"{14801463000167} => {00482840000138}";0.0146788990825688;0.5;14.8097826086957;40
"{00482840000138} => {14801463000167}";0.0146788990825688;0.434782608695652;14.8097826086957;40
"{14801463000167} => {15121468000101}";0.021651376146789;0.7375;18.2698863636364;59
"{15121468000101} => {14801463000167}";0.021651376146789;0.536363636363636;18.2698863636364;59
"{21971041000103} => {05230436000190}";0.0113761467889908;0.837837837837838;38.6967475950527;31
"{05230436000190} => {21971041000103}";0.0113761467889908;0.525423728813559;38.6967475950527;31
"{21971041000103} => {24845457000165}";0.0102752293577982;0.756756756756757;9.50305143853531;28
"{08398304000160} => {08573956000194}";0.0275229357798165;0.986842105263158;33.1993177387914;75
"{08573956000194} => {08398304000160}";0.0275229357798165;0.925925925925926;33.1993177387914;75
"{08398304000160} => {00482840000138}";0.0135779816513761;0.486842105263158;14.4200514874142;37
"{00482840000138} => {08398304000160}";0.0135779816513761;0.402173913043478;14.4200514874142;37
"{08398304000160} => {15121468000101}";0.0198165137614679;0.710526315789474;17.6016746411483;54
"{15121468000101} => {08398304000160}";0.0198165137614679;0.490909090909091;17.6016746411483;54
"{22380404000190} => {03655629000168}";0.0106422018348624;0.69047619047619;11.0679271708683;29
"{22380404000190} => {00761025000108}";0.0102752293577982;0.666666666666667;7.89855072463768;28
"{18641075000117} => {00761025000108}";0.0102752293577982;0.636363636363636;7.5395256916996;28
"{13440815000133} => {17930162000121}";0.0223853211009174;1;44.672131147541;61
"{17930162000121} => {13440815000133}";0.0223853211009174;1;44.672131147541;61
"{08573956000194} => {00482840000138}";0.0143119266055046;0.481481481481481;14.2612721417069;39
"{00482840000138} => {08573956000194}";0.0143119266055046;0.423913043478261;14.2612721417069;39
"{08573956000194} => {15121468000101}";0.0209174311926606;0.703703703703704;17.4326599326599;57
"{15121468000101} => {08573956000194}";0.0209174311926606;0.518181818181818;17.4326599326599;57
"{22883543000137} => {12130958000186}";0.0102752293577982;0.736842105263158;16.5941713788604;28
"{11175931000147} => {00761025000108}";0.0124770642201835;0.53968253968254;6.39406487232574;34
"{23312871000146} => {21283813000106}";0.0102752293577982;0.363636363636364;10.7707509881423;28
"{21283813000106} => {23312871000146}";0.0102752293577982;0.304347826086957;10.7707509881423;28
"{12980808000161} => {03655629000168}";0.0110091743119266;0.769230769230769;12.3303167420814;30
"{07045994000101} => {14793395000131}";0.0113761467889908;0.596153846153846;16.7476209357653;31
"{14793395000131} => {07045994000101}";0.0113761467889908;0.319587628865979;16.7476209357653;31
"{07045994000101} => {11464383000175}";0.0102752293577982;0.538461538461538;4.87477638640429;28
"{09103932000134} => {12130958000186}";0.011743119266055;0.727272727272727;16.3786626596544;32
"{09103932000134} => {15724019000158}";0.0110091743119266;0.681818181818182;14.4027484143763;30
"{09103932000134} => {03655629000168}";0.0124770642201835;0.772727272727273;12.3863636363636;34
"{16618429000187} => {15724019000158}";0.0106422018348624;0.659090909090909;13.9226568005638;29
"{16618429000187} => {03655629000168}";0.0128440366972477;0.795454545454545;12.7506684491979;35
"{65001430000173} => {11464383000175}";0.011743119266055;0.666666666666667;6.03543743078627;32
"{17356181000196} => {11464383000175}";0.0139449541284404;0.666666666666667;6.03543743078627;38
"{79053468000102} => {03655629000168}";0.0102752293577982;0.777777777777778;12.4673202614379;28
"{16866828000167} => {15724019000158}";0.0110091743119266;0.666666666666667;14.0826873385013;30
"{16866828000167} => {03655629000168}";0.0121100917431193;0.733333333333333;11.7549019607843;33
"{05530834000122} => {24845457000165}";0.0110091743119266;0.555555555555556;6.97644649257552;30
"{22045016000153} => {00761025000108}";0.0128440366972477;0.74468085106383;8.82284921369103;35
"{17023484000197} => {12130958000186}";0.0110091743119266;0.555555555555556;12.5114784205693;30
"{17023484000197} => {03655629000168}";0.0102752293577982;0.518518518518518;8.3115468409586;28
"{00482840000138} => {15121468000101}";0.0205504587155963;0.608695652173913;15.0790513833992;56
"{15121468000101} => {00482840000138}";0.0205504587155963;0.509090909090909;15.0790513833992;56
"{11345206000170} => {18568554000155}";0.0110091743119266;0.508474576271186;21.3168187744459;30
"{18568554000155} => {11345206000170}";0.0110091743119266;0.461538461538462;21.3168187744459;30
"{21515379000142} => {08658622000113}";0.0102752293577982;0.301075268817204;7.3252688172043;28
"{21515379000142} => {00761025000108}";0.0113761467889908;0.333333333333333;3.94927536231884;31
"{11329948000101} => {15724019000158}";0.0106422018348624;0.604166666666667;12.7624354005168;29
"{16911267000170} => {15724019000158}";0.0106422018348624;0.467741935483871;9.8805951487872;29
"{16911267000170} => {03655629000168}";0.011743119266055;0.516129032258065;8.27324478178368;32
"{20784313000195} => {08658622000113}";0.0110091743119266;0.566037735849057;13.7719002695418;30
"{20784313000195} => {11464383000175}";0.0106422018348624;0.547169811320755;4.95361374036231;29
"{10713114000132} => {02622830000186}";0.0121100917431193;0.673469387755102;22.9400510204082;33
"{02622830000186} => {10713114000132}";0.0121100917431193;0.4125;22.9400510204082;33
"{14811522000188} => {12811487000171}";0.0128440366972477;0.53030303030303;20.9431269213878;35
"{12811487000171} => {14811522000188}";0.0128440366972477;0.507246376811594;20.9431269213878;35
"{14811522000188} => {11464383000175}";0.0154128440366972;0.636363636363636;5.76109936575053;42
"{23203733000129} => {12130958000186}";0.0135779816513761;0.725490196078431;16.3385188786258;37
"{12130958000186} => {23203733000129}";0.0135779816513761;0.305785123966942;16.3385188786258;37
"{23203733000129} => {15724019000158}";0.0113761467889908;0.607843137254902;12.8400972792218;31
"{23203733000129} => {03655629000168}";0.0139449541284404;0.745098039215686;11.9434832756632;38
"{12134879000143} => {24845457000165}";0.0106422018348624;0.46031746031746;5.78048423670543;29
"{12134879000143} => {11464383000175}";0.011743119266055;0.507936507936508;4.5984285186943;32
"{10752963000103} => {15724019000158}";0.0110091743119266;0.508474576271186;10.7410327158061;30
"{10752963000103} => {03655629000168}";0.0121100917431193;0.559322033898305;8.96560319042871;33
"{10752963000103} => {00761025000108}";0.0143119266055046;0.661016949152542;7.8316138540899;39
"{10278886000193} => {12130958000186}";0.0106422018348624;0.617021276595745;13.8957270968876;29
"{10278886000193} => {15724019000158}";0.0110091743119266;0.638297872340426;13.4834240475012;30
"{10278886000193} => {03655629000168}";0.0124770642201835;0.723404255319149;11.5957446808511;34
"{03452072000168} => {00761025000108}";0.0128440366972477;0.7;8.29347826086956;35
"{10378106000187} => {12957821000108}";0.0113761467889908;0.418918918918919;10.2842707572437;31
"{10378106000187} => {24845457000165}";0.0113761467889908;0.418918918918919;5.26061776061776;31
"{10378106000187} => {11464383000175}";0.0110091743119266;0.405405405405405;3.6701984376403;30
"{18166571000166} => {24845457000165}";0.0121100917431193;0.767441860465116;9.63723073625549;33
"{18793752000112} => {03655629000168}";0.0102752293577982;0.717948717948718;11.5082956259427;28
"{69194934000108} => {00761025000108}";0.0106422018348624;0.557692307692308;6.60744147157191;29
"{18568554000155} => {12130958000186}";0.0113761467889908;0.476923076923077;10.7406230133503;31
"{18912500000165} => {00761025000108}";0.0106422018348624;0.644444444444444;7.63526570048309;29
"{12396639000117} => {20795155000179}";0.0102752293577982;0.717948717948718;15.6512820512821;28
"{12396639000117} => {24845457000165}";0.011743119266055;0.82051282051282;10.3036748198039;32
"{12396639000117} => {00761025000108}";0.0106422018348624;0.743589743589744;8.80992196209588;29
"{13338681000144} => {08658622000113}";0.0242201834862385;0.6875;16.7271205357143;66
"{08658622000113} => {13338681000144}";0.0242201834862385;0.589285714285714;16.7271205357143;66
"{13338681000144} => {09071136000167}";0.0154128440366972;0.4375;9.85278925619835;42
"{09071136000167} => {13338681000144}";0.0154128440366972;0.347107438016529;9.85278925619835;42
"{13338681000144} => {24845457000165}";0.0132110091743119;0.375;4.70910138248848;36
"{13338681000144} => {00761025000108}";0.0135779816513761;0.385416666666667;4.56634963768116;37
"{13338681000144} => {11464383000175}";0.0124770642201835;0.354166666666667;3.20632613510521;34
"{05230436000190} => {12957821000108}";0.0132110091743119;0.610169491525424;14.9793861658268;36
"{12957821000108} => {05230436000190}";0.0132110091743119;0.324324324324324;14.9793861658268;36
"{05230436000190} => {12068781000135}";0.0102752293577982;0.474576271186441;13.3321684431242;28
"{05230436000190} => {92823764000103}";0.0110091743119266;0.508474576271186;11.5466101694915;30
"{05230436000190} => {24845457000165}";0.0124770642201835;0.576271186440678;7.23658517534953;34
"{05230436000190} => {11464383000175}";0.0113761467889908;0.525423728813559;4.75674305985697;31
"{24183988000130} => {12130958000186}";0.0113761467889908;0.553571428571429;12.4667945690673;31
"{24183988000130} => {92823764000103}";0.0106422018348624;0.517857142857143;11.7596726190476;29
"{24183988000130} => {24845457000165}";0.0121100917431193;0.589285714285714;7.40001645819618;33
"{10986234000103} => {15724019000158}";0.0157798165137615;0.754385964912281;15.9356725146199;43
"{15724019000158} => {10986234000103}";0.0157798165137615;0.333333333333333;15.9356725146199;43
"{10986234000103} => {03655629000168}";0.0139449541284404;0.666666666666667;10.6862745098039;38
"{10986234000103} => {00761025000108}";0.0106422018348624;0.508771929824561;6.02784134248665;29
"{12811487000171} => {21283813000106}";0.0110091743119266;0.434782608695652;12.8780718336484;30
"{21283813000106} => {12811487000171}";0.0110091743119266;0.326086956521739;12.8780718336484;30
"{12811487000171} => {11464383000175}";0.015045871559633;0.594202898550725;5.37941162309211;41
"{22302667000181} => {24830144000133}";0.0128440366972477;0.53030303030303;17.6228750923873;35
"{24830144000133} => {22302667000181}";0.0128440366972477;0.426829268292683;17.6228750923873;35
"{22302667000181} => {08658622000113}";0.011743119266055;0.484848484848485;11.7965367965368;32
"{22302667000181} => {24845457000165}";0.0132110091743119;0.545454545454545;6.84960201089233;36
"{22302667000181} => {00761025000108}";0.015045871559633;0.621212121212121;7.36001317523057;41
"{22302667000181} => {11464383000175}";0.0106422018348624;0.439393939393939;3.97790194301822;29
"{20694969000117} => {14793395000131}";0.0128440366972477;0.593220338983051;16.6652105539053;35
"{14793395000131} => {20694969000117}";0.0128440366972477;0.360824742268041;16.6652105539053;35
"{20694969000117} => {00761025000108}";0.0102752293577982;0.474576271186441;5.62269712601326;28
"{20694969000117} => {11464383000175}";0.0124770642201835;0.576271186440678;5.21707303339152;34
"{05291541000130} => {11464383000175}";0.0157798165137615;0.511904761904762;4.6343537414966;43
"{04567265000127} => {07734851000107}";0.0106422018348624;0.467741935483871;18.7440702087287;29
"{07734851000107} => {04567265000127}";0.0106422018348624;0.426470588235294;18.7440702087287;29
"{04567265000127} => {12130958000186}";0.0124770642201835;0.548387096774194;12.3500399893362;34
"{04567265000127} => {15724019000158}";0.0165137614678899;0.725806451612903;15.3319579894974;45
"{15724019000158} => {04567265000127}";0.0165137614678899;0.348837209302326;15.3319579894974;45
"{04567265000127} => {03655629000168}";0.018348623853211;0.806451612903226;12.926944971537;50
"{04567265000127} => {00761025000108}";0.0106422018348624;0.467741935483871;5.54172510518934;29
"{21283813000106} => {14793395000131}";0.0143119266055046;0.423913043478261;11.908897355446;39
"{14793395000131} => {21283813000106}";0.0143119266055046;0.402061855670103;11.908897355446;39
"{21283813000106} => {11464383000175}";0.0165137614678899;0.489130434782609;4.42817420193558;45
"{13961486000176} => {15724019000158}";0.0121100917431193;0.492537313432836;10.4043734814301;33
"{13961486000176} => {03655629000168}";0.0132110091743119;0.537313432835821;8.61281826163301;36
"{13961486000176} => {00761025000108}";0.0110091743119266;0.447761194029851;5.30499675535367;30
"{08459500000106} => {15724019000158}";0.0124770642201835;0.523076923076923;11.0494931425164;34
"{08459500000106} => {03655629000168}";0.0165137614678899;0.692307692307692;11.0972850678733;45
"{08459500000106} => {00761025000108}";0.0128440366972477;0.538461538461538;6.37959866220736;35
"{07734851000107} => {12130958000186}";0.0128440366972477;0.514705882352941;11.5915167719981;35
"{07734851000107} => {15724019000158}";0.0165137614678899;0.661764705882353;13.9791381668947;45
"{15724019000158} => {07734851000107}";0.0165137614678899;0.348837209302326;13.9791381668947;45
"{07734851000107} => {03655629000168}";0.0198165137614679;0.794117647058823;12.7292387543253;54
"{03655629000168} => {07734851000107}";0.0198165137614679;0.317647058823529;12.7292387543253;54
"{07734851000107} => {00761025000108}";0.0132110091743119;0.529411764705882;6.27237851662404;36
"{18527195000198} => {12957821000108}";0.0106422018348624;0.3625;8.89921171171171;29
"{18527195000198} => {12068781000135}";0.0146788990825688;0.5;14.0463917525773;40
"{12068781000135} => {18527195000198}";0.0146788990825688;0.412371134020619;14.0463917525773;40
"{18527195000198} => {20795155000179}";0.0135779816513761;0.4625;10.0825;37
"{18527195000198} => {92823764000103}";0.0128440366972477;0.4375;9.93489583333333;35
"{18527195000198} => {15567891000130}";0.0135779816513761;0.4625;8.29152960526316;37
"{18527195000198} => {24845457000165}";0.0227522935779817;0.775;9.73214285714286;62
"{18527195000198} => {11464383000175}";0.015045871559633;0.5125;4.63974252491694;41
"{02622830000186} => {20795155000179}";0.0102752293577982;0.35;7.63;28
"{02622830000186} => {12130958000186}";0.0102752293577982;0.35;7.88223140495868;28
"{02622830000186} => {92823764000103}";0.0124770642201835;0.425;9.65104166666667;34
"{02622830000186} => {24845457000165}";0.0143119266055046;0.4875;6.12183179723502;39
"{02622830000186} => {11464383000175}";0.0135779816513761;0.4625;4.18708471760797;37
"{08772301000145} => {09071136000167}";0.0143119266055046;0.453488372093023;10.2128579665578;39
"{09071136000167} => {08772301000145}";0.0143119266055046;0.322314049586777;10.2128579665578;39
"{08772301000145} => {15724019000158}";0.0135779816513761;0.430232558139535;9.08824589868397;37
"{08772301000145} => {03655629000168}";0.015045871559633;0.476744186046512;7.64192886456908;41
"{08772301000145} => {00761025000108}";0.0190825688073394;0.604651162790698;7.16380182002022;52
"{08772301000145} => {11464383000175}";0.0102752293577982;0.325581395348837;2.94753921038399;28
"{03217016000149} => {08658622000113}";0.0102752293577982;0.345679012345679;8.41049382716049;28
"{03217016000149} => {24845457000165}";0.0139449541284404;0.469135802469136;5.89122148261933;38
"{03217016000149} => {00761025000108}";0.0132110091743119;0.444444444444444;5.26570048309179;36
"{03217016000149} => {11464383000175}";0.0157798165137615;0.530864197530864;4.80599647266314;43
"{14676091000194} => {12957821000108}";0.0128440366972477;0.432098765432099;10.6078300522745;35
"{12957821000108} => {14676091000194}";0.0128440366972477;0.315315315315315;10.6078300522745;35
"{14676091000194} => {12068781000135}";0.0113761467889908;0.382716049382716;10.7515591192567;31
"{12068781000135} => {14676091000194}";0.0113761467889908;0.319587628865979;10.7515591192567;31
"{14676091000194} => {20795155000179}";0.0102752293577982;0.345679012345679;7.5358024691358;28
"{14676091000194} => {92823764000103}";0.0124770642201835;0.419753086419753;9.53189300411523;34
"{14676091000194} => {15567891000130}";0.0128440366972477;0.432098765432099;7.74650747238466;35
"{14676091000194} => {24845457000165}";0.0154128440366972;0.518518518518518;6.51135005973716;42
"{14676091000194} => {00761025000108}";0.0139449541284404;0.469135802469136;5.55823939881911;38
"{14676091000194} => {11464383000175}";0.0190825688073394;0.641975308641975;5.81190271112752;52
"{24830144000133} => {08658622000113}";0.011743119266055;0.390243902439024;9.49477351916376;32
"{24830144000133} => {09071136000167}";0.0146788990825688;0.48780487804878;10.9856883692804;40
"{09071136000167} => {24830144000133}";0.0146788990825688;0.330578512396694;10.9856883692804;40
"{24830144000133} => {20795155000179}";0.0121100917431193;0.402439024390244;8.77317073170732;33
"{24830144000133} => {03655629000168}";0.0102752293577982;0.341463414634146;5.47345767575323;28
"{24830144000133} => {24845457000165}";0.0157798165137615;0.524390243902439;6.58508486006519;43
"{24830144000133} => {00761025000108}";0.0172477064220183;0.573170731707317;6.79082714740191;47
"{24830144000133} => {11464383000175}";0.0139449541284404;0.463414634146341;4.19536504335143;38
"{17473920000120} => {12068781000135}";0.0106422018348624;0.308510638297872;8.6669225707392;29
"{17473920000120} => {20795155000179}";0.0190825688073394;0.553191489361702;12.0595744680851;52
"{20795155000179} => {17473920000120}";0.0190825688073394;0.416;12.0595744680851;52
"{17473920000120} => {92823764000103}";0.0128440366972477;0.372340425531915;8.4552304964539;35
"{17473920000120} => {15567891000130}";0.015045871559633;0.436170212765957;7.81949888017917;41
"{17473920000120} => {24845457000165}";0.0201834862385321;0.585106382978723;7.34753407196784;55
"{17473920000120} => {00761025000108}";0.0139449541284404;0.404255319148936;4.7895467160037;38
"{17473920000120} => {11464383000175}";0.0194495412844037;0.563829787234043;5.1044391036969;53
"{14793395000131} => {08658622000113}";0.0121100917431193;0.34020618556701;8.27733799705449;33
"{08658622000113} => {09071136000167}";0.0157798165137615;0.383928571428571;8.64632526564345;43
"{09071136000167} => {08658622000113}";0.0157798165137615;0.355371900826446;8.64632526564345;43
"{08658622000113} => {24845457000165}";0.0165137614678899;0.401785714285714;5.04546576695194;45
"{08658622000113} => {00761025000108}";0.0190825688073394;0.464285714285714;5.50077639751553;52
"{08658622000113} => {11464383000175}";0.0205504587155963;0.5;4.5265780730897;56
"{12957821000108} => {12068781000135}";0.0172477064220183;0.423423423423423;11.8951425652457;47
"{12068781000135} => {12957821000108}";0.0172477064220183;0.484536082474227;11.8951425652457;47
"{12957821000108} => {20795155000179}";0.0143119266055046;0.351351351351351;7.65945945945946;39
"{20795155000179} => {12957821000108}";0.0143119266055046;0.312;7.65945945945946;39
"{12957821000108} => {92823764000103}";0.0176146788990826;0.432432432432432;9.81981981981982;48
"{92823764000103} => {12957821000108}";0.0176146788990826;0.4;9.81981981981982;48
"{12957821000108} => {24845457000165}";0.0234862385321101;0.576576576576577;7.24042014364595;64
"{12957821000108} => {00761025000108}";0.0132110091743119;0.324324324324324;3.84253819036428;36
"{12957821000108} => {11464383000175}";0.0165137614678899;0.405405405405405;3.6701984376403;45
"{17805370000107} => {08084695000149}";0.0113761467889908;0.35632183908046;9.24740010946907;31
"{17805370000107} => {92823764000103}";0.0113761467889908;0.35632183908046;8.09147509578544;31
"{17805370000107} => {24845457000165}";0.0132110091743119;0.413793103448276;5.1962498013666;36
"{17805370000107} => {00761025000108}";0.0146788990825688;0.459770114942529;5.44727636181909;40
"{17805370000107} => {11464383000175}";0.0157798165137615;0.494252873563218;4.47454844006568;43
"{11094173000132} => {12068781000135}";0.0113761467889908;0.418918918918919;11.7685984954026;31
"{12068781000135} => {11094173000132}";0.0113761467889908;0.319587628865979;11.7685984954026;31
"{11094173000132} => {20795155000179}";0.0143119266055046;0.527027027027027;11.4891891891892;39
"{20795155000179} => {11094173000132}";0.0143119266055046;0.312;11.4891891891892;39
"{11094173000132} => {12130958000186}";0.0165137614678899;0.608108108108108;13.6949966495421;45
"{12130958000186} => {11094173000132}";0.0165137614678899;0.371900826446281;13.6949966495421;45
"{11094173000132} => {92823764000103}";0.0176146788990826;0.648648648648649;14.7297297297297;48
"{92823764000103} => {11094173000132}";0.0176146788990826;0.4;14.7297297297297;48
"{11094173000132} => {15724019000158}";0.0110091743119266;0.405405405405405;8.56379635449403;30
"{11094173000132} => {03655629000168}";0.0146788990825688;0.540540540540541;8.66454689984102;40
"{11094173000132} => {24845457000165}";0.0187155963302752;0.689189189189189;8.6545647029518;51
"{11094173000132} => {00761025000108}";0.0157798165137615;0.581081081081081;6.88454759106933;43
"{11094173000132} => {11464383000175}";0.0135779816513761;0.5;4.5265780730897;37
"{14793395000131} => {10843769000125}";0.0113761467889908;0.319587628865979;7.63926568999819;31
"{14793395000131} => {08084695000149}";0.0113761467889908;0.319587628865979;8.29405989199804;31
"{14793395000131} => {00761025000108}";0.0143119266055046;0.402061855670103;4.7635589421784;39
"{14793395000131} => {11464383000175}";0.0205504587155963;0.577319587628866;5.22656437305203;56
"{10843769000125} => {20795155000179}";0.0132110091743119;0.315789473684211;6.88421052631579;36
"{10843769000125} => {24845457000165}";0.0165137614678899;0.394736842105263;4.95694882367208;45
"{10843769000125} => {00761025000108}";0.0176146788990826;0.421052631578947;4.98855835240275;48
"{10843769000125} => {11464383000175}";0.018348623853211;0.43859649122807;3.97068252025412;50
"{12068781000135} => {20795155000179}";0.0172477064220183;0.484536082474227;10.5628865979381;47
"{20795155000179} => {12068781000135}";0.0172477064220183;0.376;10.5628865979381;47
"{12068781000135} => {92823764000103}";0.0179816513761468;0.505154639175258;11.4712199312715;49
"{92823764000103} => {12068781000135}";0.0179816513761468;0.408333333333333;11.4712199312715;49
"{12068781000135} => {15567891000130}";0.0132110091743119;0.371134020618557;6.65355398806294;36
"{12068781000135} => {24845457000165}";0.0253211009174312;0.711340206185567;8.93272839564825;69
"{24845457000165} => {12068781000135}";0.0253211009174312;0.317972350230415;8.93272839564825;69
"{12068781000135} => {00761025000108}";0.0139449541284404;0.391752577319588;4.64141640519946;38
"{12068781000135} => {11464383000175}";0.0168807339449541;0.474226804123711;4.29324930643559;46
"{09071136000167} => {03655629000168}";0.0176146788990826;0.396694214876033;6.35877491492465;48
"{09071136000167} => {24845457000165}";0.0154128440366972;0.347107438016529;4.35883764329512;42
"{09071136000167} => {00761025000108}";0.0223853211009174;0.504132231404959;5.97287100251527;61
"{09071136000167} => {11464383000175}";0.0176146788990826;0.396694214876033;3.59133466955877;48
"{08084695000149} => {24845457000165}";0.011743119266055;0.304761904761905;3.82707921878429;32
"{08084695000149} => {00761025000108}";0.0165137614678899;0.428571428571429;5.0776397515528;45
"{08084695000149} => {11464383000175}";0.0209174311926606;0.542857142857143;4.91457047935453;57
"{20795155000179} => {12130958000186}";0.0146788990825688;0.32;7.20661157024793;40
"{12130958000186} => {20795155000179}";0.0146788990825688;0.330578512396694;7.20661157024793;40
"{20795155000179} => {92823764000103}";0.0176146788990826;0.384;8.72;48
"{92823764000103} => {20795155000179}";0.0176146788990826;0.4;8.72;48
"{20795155000179} => {15567891000130}";0.0157798165137615;0.344;6.16710526315789;43
"{20795155000179} => {24845457000165}";0.0363302752293578;0.792;9.94562211981567;99
"{24845457000165} => {20795155000179}";0.0363302752293578;0.456221198156682;9.94562211981567;99
"{20795155000179} => {00761025000108}";0.018348623853211;0.4;4.73913043478261;50
"{20795155000179} => {11464383000175}";0.0190825688073394;0.416;3.76611295681063;52
"{12130958000186} => {92823764000103}";0.021651376146789;0.487603305785124;11.0726584022039;59
"{92823764000103} => {12130958000186}";0.021651376146789;0.491666666666667;11.0726584022039;59
"{12130958000186} => {15724019000158}";0.0179816513761468;0.40495867768595;8.55435966429624;49
"{15724019000158} => {12130958000186}";0.0179816513761468;0.37984496124031;8.55435966429624;49
"{12130958000186} => {03655629000168}";0.0253211009174312;0.570247933884298;9.14073894020418;69
"{03655629000168} => {12130958000186}";0.0253211009174312;0.405882352941176;9.14073894020418;69
"{12130958000186} => {24845457000165}";0.0198165137614679;0.446280991735537;5.60421982709373;54
"{12130958000186} => {00761025000108}";0.0198165137614679;0.446280991735537;5.28745957599712;54
"{12130958000186} => {11464383000175}";0.0143119266055046;0.322314049586777;2.9179594190165;39
"{92823764000103} => {15567891000130}";0.0139449541284404;0.316666666666667;5.67708333333333;38
"{92823764000103} => {03655629000168}";0.0143119266055046;0.325;5.20955882352941;39
"{92823764000103} => {24845457000165}";0.028256880733945;0.641666666666667;8.05779569892473;77
"{24845457000165} => {92823764000103}";0.028256880733945;0.354838709677419;8.05779569892473;77
"{92823764000103} => {00761025000108}";0.0179816513761468;0.408333333333333;4.83786231884058;49
"{92823764000103} => {11464383000175}";0.0220183486238532;0.5;4.5265780730897;60
"{15567891000130} => {24845457000165}";0.0242201834862385;0.434210526315789;5.45264370603929;66
"{24845457000165} => {15567891000130}";0.0242201834862385;0.304147465437788;5.45264370603929;66
"{15567891000130} => {11464383000175}";0.0388990825688073;0.697368421052632;6.31338520720406;106
"{11464383000175} => {15567891000130}";0.0388990825688073;0.352159468438538;6.31338520720406;106
"{15724019000158} => {03655629000168}";0.0359633027522936;0.75968992248062;12.1773825809394;98
"{03655629000168} => {15724019000158}";0.0359633027522936;0.576470588235294;12.1773825809394;98
"{15724019000158} => {00761025000108}";0.0242201834862385;0.511627906976744;6.06167846309403;66
"{15724019000158} => {11464383000175}";0.015045871559633;0.317829457364341;2.87735970537485;41
"{03655629000168} => {00761025000108}";0.0293577981651376;0.470588235294118;5.57544757033248;80
"{00761025000108} => {03655629000168}";0.0293577981651376;0.347826086956522;5.57544757033248;80
"{03655629000168} => {11464383000175}";0.0209174311926606;0.335294117647059;3.03547000195427;57
"{24845457000165} => {00761025000108}";0.028256880733945;0.354838709677419;4.20406732117812;77
"{00761025000108} => {24845457000165}";0.028256880733945;0.334782608695652;4.20406732117812;77
"{24845457000165} => {11464383000175}";0.036697247706422;0.460829493087558;4.17196135768636;100
"{11464383000175} => {24845457000165}";0.036697247706422;0.332225913621262;4.17196135768636;100
"{00761025000108} => {11464383000175}";0.0337614678899083;0.4;3.62126245847176;92
"{11464383000175} => {00761025000108}";0.0337614678899083;0.305647840531561;3.62126245847176;92
"{04389596000114,08398304000160} => {08573956000194}";0.0102752293577982;1;33.641975308642;28
"{04389596000114,08573956000194} => {08398304000160}";0.0102752293577982;1;35.8552631578947;28
"{08398304000160,08573956000194} => {04389596000114}";0.0102752293577982;0.373333333333333;19.5641025641026;28
"{12066474000115,13440815000133} => {17930162000121}";0.0110091743119266;1;44.672131147541;30
"{12066474000115,17930162000121} => {13440815000133}";0.0110091743119266;1;44.672131147541;30
"{13440815000133,17930162000121} => {12066474000115}";0.0110091743119266;0.491803278688525;25.7723833543506;30
"{08398304000160,14801463000167} => {08573956000194}";0.0165137614678899;0.978260869565217;32.9106280193237;45
"{08573956000194,14801463000167} => {08398304000160}";0.0165137614678899;1;35.8552631578947;45
"{08398304000160,08573956000194} => {14801463000167}";0.0165137614678899;0.6;20.4375;45
"{08398304000160,14801463000167} => {15121468000101}";0.0132110091743119;0.782608695652174;19.3873517786561;36
"{14801463000167,15121468000101} => {08398304000160}";0.0132110091743119;0.610169491525424;21.8777876895629;36
"{08398304000160,15121468000101} => {14801463000167}";0.0132110091743119;0.666666666666667;22.7083333333333;36
"{08573956000194,14801463000167} => {15121468000101}";0.0128440366972477;0.777777777777778;19.2676767676768;35
"{14801463000167,15121468000101} => {08573956000194}";0.0128440366972477;0.593220338983051;19.957103996652;35
"{08573956000194,15121468000101} => {14801463000167}";0.0128440366972477;0.614035087719298;20.9155701754386;35
"{00482840000138,14801463000167} => {15121468000101}";0.0110091743119266;0.75;18.5795454545455;30
"{14801463000167,15121468000101} => {00482840000138}";0.0110091743119266;0.508474576271186;15.0607958732498;30
"{00482840000138,15121468000101} => {14801463000167}";0.0110091743119266;0.535714285714286;18.2477678571429;30
"{08398304000160,08573956000194} => {00482840000138}";0.0132110091743119;0.48;14.2173913043478;36
"{00482840000138,08398304000160} => {08573956000194}";0.0132110091743119;0.972972972972973;32.7327327327327;36
"{00482840000138,08573956000194} => {08398304000160}";0.0132110091743119;0.923076923076923;33.0971659919028;36
"{08398304000160,08573956000194} => {15121468000101}";0.0194495412844037;0.706666666666667;17.5060606060606;53
"{08398304000160,15121468000101} => {08573956000194}";0.0194495412844037;0.981481481481482;33.0189757658893;53
"{08573956000194,15121468000101} => {08398304000160}";0.0194495412844037;0.929824561403509;33.3391043397969;53
"{00482840000138,08573956000194} => {15121468000101}";0.0102752293577982;0.717948717948718;17.7855477855478;28
"{08573956000194,15121468000101} => {00482840000138}";0.0102752293577982;0.491228070175439;14.5499618611747;28
"{00482840000138,15121468000101} => {08573956000194}";0.0102752293577982;0.5;16.820987654321;28
"{09103932000134,12130958000186} => {03655629000168}";0.0102752293577982;0.875;14.0257352941176;28
"{03655629000168,09103932000134} => {12130958000186}";0.0102752293577982;0.823529411764706;18.5464268351969;28
"{03655629000168,12130958000186} => {09103932000134}";0.0102752293577982;0.405797101449275;25.1317523056654;28
"{15724019000158,16618429000187} => {03655629000168}";0.0102752293577982;0.96551724137931;15.4766734279919;28
"{03655629000168,16618429000187} => {15724019000158}";0.0102752293577982;0.8;16.8992248062016;28
"{12130958000186,23203733000129} => {03655629000168}";0.0110091743119266;0.810810810810811;12.9968203497615;30
"{03655629000168,23203733000129} => {12130958000186}";0.0110091743119266;0.789473684210526;17.7794693344933;30
"{03655629000168,12130958000186} => {23203733000129}";0.0110091743119266;0.434782608695652;23.231031543052;30
"{15724019000158,23203733000129} => {03655629000168}";0.0106422018348624;0.935483870967742;14.9952561669829;29
"{03655629000168,23203733000129} => {15724019000158}";0.0106422018348624;0.763157894736842;16.1209710322317;29
"{08658622000113,13338681000144} => {09071136000167}";0.0110091743119266;0.454545454545455;10.236664162284;30
"{09071136000167,13338681000144} => {08658622000113}";0.0110091743119266;0.714285714285714;17.3788265306122;30
"{08658622000113,09071136000167} => {13338681000144}";0.0110091743119266;0.697674418604651;19.8037790697674;30
"{08658622000113,13338681000144} => {00761025000108}";0.0113761467889908;0.46969696969697;5.56488801054018;31
"{00761025000108,13338681000144} => {08658622000113}";0.0113761467889908;0.837837837837838;20.3848938223938;31
"{00761025000108,08658622000113} => {13338681000144}";0.0113761467889908;0.596153846153846;16.9220753205128;31
"{10986234000103,15724019000158} => {03655629000168}";0.0121100917431193;0.767441860465116;12.3016415868673;33
"{03655629000168,10986234000103} => {15724019000158}";0.0121100917431193;0.868421052631579;18.3445532435741;33
"{03655629000168,15724019000158} => {10986234000103}";0.0121100917431193;0.336734693877551;16.0982814178303;33
"{04567265000127,12130958000186} => {15724019000158}";0.0102752293577982;0.823529411764706;17.3962608299134;28
"{04567265000127,15724019000158} => {12130958000186}";0.0102752293577982;0.622222222222222;14.0128558310376;28
"{12130958000186,15724019000158} => {04567265000127}";0.0102752293577982;0.571428571428571;25.1152073732719;28
"{04567265000127,12130958000186} => {03655629000168}";0.011743119266055;0.941176470588235;15.0865051903114;32
"{03655629000168,04567265000127} => {12130958000186}";0.011743119266055;0.64;14.4132231404959;32
"{03655629000168,12130958000186} => {04567265000127}";0.011743119266055;0.463768115942029;20.3833567087424;32
"{04567265000127,15724019000158} => {03655629000168}";0.0154128440366972;0.933333333333333;14.9607843137255;42
"{03655629000168,04567265000127} => {15724019000158}";0.0154128440366972;0.84;17.7441860465116;42
"{03655629000168,15724019000158} => {04567265000127}";0.0154128440366972;0.428571428571429;18.8364055299539;42
"{13961486000176,15724019000158} => {03655629000168}";0.0102752293577982;0.848484848484849;13.6007130124777;28
"{03655629000168,13961486000176} => {15724019000158}";0.0102752293577982;0.777777777777778;16.4298018949182;28
"{07734851000107,12130958000186} => {03655629000168}";0.011743119266055;0.914285714285714;14.655462184874;32
"{03655629000168,07734851000107} => {12130958000186}";0.011743119266055;0.592592592592593;13.3455769819406;32
"{03655629000168,12130958000186} => {07734851000107}";0.011743119266055;0.463768115942029;18.5848252344416;32
"{07734851000107,15724019000158} => {03655629000168}";0.015045871559633;0.911111111111111;14.6045751633987;41
"{03655629000168,07734851000107} => {15724019000158}";0.015045871559633;0.759259259259259;16.0386161355154;41
"{03655629000168,15724019000158} => {07734851000107}";0.015045871559633;0.418367346938776;16.765456182473;41
"{03655629000168,07734851000107} => {00761025000108}";0.0113761467889908;0.574074074074074;6.80152979066022;31
"{00761025000108,07734851000107} => {03655629000168}";0.0113761467889908;0.861111111111111;13.8031045751634;31
"{00761025000108,03655629000168} => {07734851000107}";0.0113761467889908;0.3875;15.5284926470588;31
"{12068781000135,18527195000198} => {24845457000165}";0.0132110091743119;0.9;11.3018433179724;36
"{18527195000198,24845457000165} => {12068781000135}";0.0132110091743119;0.580645161290323;16.3119388094446;36
"{12068781000135,24845457000165} => {18527195000198}";0.0132110091743119;0.521739130434783;17.7717391304348;36
"{18527195000198,20795155000179} => {24845457000165}";0.0121100917431193;0.891891891891892;11.2000249097023;33
"{18527195000198,24845457000165} => {20795155000179}";0.0121100917431193;0.532258064516129;11.6032258064516;33
"{20795155000179,24845457000165} => {18527195000198}";0.0121100917431193;0.333333333333333;11.3541666666667;33
"{18527195000198,92823764000103} => {24845457000165}";0.0113761467889908;0.885714285714286;11.1224489795918;31
"{18527195000198,24845457000165} => {92823764000103}";0.0113761467889908;0.5;11.3541666666667;31
"{24845457000165,92823764000103} => {18527195000198}";0.0113761467889908;0.402597402597403;13.713474025974;31
"{15567891000130,18527195000198} => {24845457000165}";0.0106422018348624;0.783783783783784;9.84244613276871;29
"{18527195000198,24845457000165} => {15567891000130}";0.0106422018348624;0.467741935483871;8.38550509337861;29
"{15567891000130,24845457000165} => {18527195000198}";0.0106422018348624;0.439393939393939;14.9668560606061;29
"{18527195000198,24845457000165} => {11464383000175}";0.0110091743119266;0.483870967741935;4.38055942557068;30
"{11464383000175,18527195000198} => {24845457000165}";0.0110091743119266;0.731707317073171;9.18849050241654;30
"{11464383000175,24845457000165} => {18527195000198}";0.0110091743119266;0.3;10.21875;30
"{14676091000194,15567891000130} => {11464383000175}";0.0102752293577982;0.8;7.24252491694352;28
"{11464383000175,14676091000194} => {15567891000130}";0.0102752293577982;0.538461538461538;9.65334008097166;28
"{14676091000194,24845457000165} => {11464383000175}";0.0113761467889908;0.738095238095238;6.68209144122765;31
"{11464383000175,14676091000194} => {24845457000165}";0.0113761467889908;0.596153846153846;7.48626373626374;31
"{11464383000175,24845457000165} => {14676091000194}";0.0113761467889908;0.31;10.429012345679;31
"{00761025000108,14676091000194} => {11464383000175}";0.0102752293577982;0.736842105263158;6.67074663402693;28
"{11464383000175,14676091000194} => {00761025000108}";0.0102752293577982;0.538461538461538;6.37959866220736;28
"{00761025000108,11464383000175} => {14676091000194}";0.0102752293577982;0.304347826086957;10.2388620504563;28
"{20795155000179,24830144000133} => {24845457000165}";0.0106422018348624;0.878787878787879;11.0354699064376;29
"{24830144000133,24845457000165} => {20795155000179}";0.0106422018348624;0.674418604651163;14.7023255813953;29
"{24830144000133,24845457000165} => {00761025000108}";0.0102752293577982;0.651162790697674;7.71486349848332;28
"{00761025000108,24830144000133} => {24845457000165}";0.0102752293577982;0.595744680851064;7.48112560054907;28
"{00761025000108,24845457000165} => {24830144000133}";0.0102752293577982;0.363636363636364;12.0842572062084;28
"{17473920000120,20795155000179} => {24845457000165}";0.0157798165137615;0.826923076923077;10.3841722793336;43
"{17473920000120,24845457000165} => {20795155000179}";0.0157798165137615;0.781818181818182;17.0436363636364;43
"{20795155000179,24845457000165} => {17473920000120}";0.0157798165137615;0.434343434343434;12.5913389211262;43
"{15567891000130,17473920000120} => {11464383000175}";0.0106422018348624;0.707317073170732;6.40345190827323;29
"{11464383000175,17473920000120} => {15567891000130}";0.0106422018348624;0.547169811320755;9.80945878848063;29
"{17473920000120,24845457000165} => {11464383000175}";0.0106422018348624;0.527272727272727;4.77348233162187;29
"{11464383000175,17473920000120} => {24845457000165}";0.0106422018348624;0.547169811320755;6.8711416398574;29
"{08658622000113,24845457000165} => {00761025000108}";0.0106422018348624;0.644444444444444;7.63526570048309;29
"{00761025000108,08658622000113} => {24845457000165}";0.0106422018348624;0.557692307692308;7.00327897908543;29
"{00761025000108,24845457000165} => {08658622000113}";0.0106422018348624;0.376623376623377;9.16338126159555;29
"{00761025000108,08658622000113} => {11464383000175}";0.0121100917431193;0.634615384615385;5.74527216969077;33
"{08658622000113,11464383000175} => {00761025000108}";0.0121100917431193;0.589285714285714;6.98175465838509;33
"{00761025000108,11464383000175} => {08658622000113}";0.0121100917431193;0.358695652173913;8.72719332298137;33
"{12068781000135,12957821000108} => {92823764000103}";0.0106422018348624;0.617021276595745;14.011524822695;29
"{12957821000108,92823764000103} => {12068781000135}";0.0106422018348624;0.604166666666667;16.9727233676976;29
"{12068781000135,92823764000103} => {12957821000108}";0.0106422018348624;0.591836734693878;14.529325243611;29
"{12068781000135,12957821000108} => {24845457000165}";0.0128440366972477;0.74468085106383;9.35140700068634;35
"{12957821000108,24845457000165} => {12068781000135}";0.0128440366972477;0.546875;15.3632409793814;35
"{12068781000135,24845457000165} => {12957821000108}";0.0128440366972477;0.507246376811594;12.4526700613657;35
"{12957821000108,20795155000179} => {24845457000165}";0.0113761467889908;0.794871794871795;9.98168498168498;31
"{12957821000108,24845457000165} => {20795155000179}";0.0113761467889908;0.484375;10.559375;31
"{20795155000179,24845457000165} => {12957821000108}";0.0113761467889908;0.313131313131313;7.68723268723269;31
"{12957821000108,92823764000103} => {24845457000165}";0.0135779816513761;0.770833333333333;9.67981950844854;37
"{12957821000108,24845457000165} => {92823764000103}";0.0135779816513761;0.578125;13.1282552083333;37
"{24845457000165,92823764000103} => {12957821000108}";0.0135779816513761;0.480519480519481;11.7965367965368;37
"{12957821000108,24845457000165} => {11464383000175}";0.0121100917431193;0.515625;4.66803363787375;33
"{11464383000175,12957821000108} => {24845457000165}";0.0121100917431193;0.733333333333333;9.20890937019969;33
"{11464383000175,24845457000165} => {12957821000108}";0.0121100917431193;0.33;8.10135135135135;33
"{11094173000132,20795155000179} => {12130958000186}";0.0121100917431193;0.846153846153846;19.0559440559441;33
"{11094173000132,12130958000186} => {20795155000179}";0.0121100917431193;0.733333333333333;15.9866666666667;33
"{12130958000186,20795155000179} => {11094173000132}";0.0121100917431193;0.825;30.3800675675676;33
"{11094173000132,20795155000179} => {92823764000103}";0.011743119266055;0.82051282051282;18.6324786324786;32
"{11094173000132,92823764000103} => {20795155000179}";0.011743119266055;0.666666666666667;14.5333333333333;32
"{20795155000179,92823764000103} => {11094173000132}";0.011743119266055;0.666666666666667;24.5495495495495;32
"{11094173000132,20795155000179} => {24845457000165}";0.0128440366972477;0.897435897435897;11.2696443341605;35
"{11094173000132,24845457000165} => {20795155000179}";0.0128440366972477;0.686274509803922;14.9607843137255;35
"{20795155000179,24845457000165} => {11094173000132}";0.0128440366972477;0.353535353535354;13.0187005187005;35
"{11094173000132,12130958000186} => {92823764000103}";0.0132110091743119;0.8;18.1666666666667;36
"{11094173000132,92823764000103} => {12130958000186}";0.0132110091743119;0.75;16.8904958677686;36
"{12130958000186,92823764000103} => {11094173000132}";0.0132110091743119;0.610169491525424;22.4690792487403;36
"{11094173000132,12130958000186} => {03655629000168}";0.0106422018348624;0.644444444444444;10.3300653594771;29
"{03655629000168,11094173000132} => {12130958000186}";0.0106422018348624;0.725;16.327479338843;29
"{03655629000168,12130958000186} => {11094173000132}";0.0106422018348624;0.420289855072464;15.4768899334117;29
"{11094173000132,12130958000186} => {24845457000165}";0.0135779816513761;0.822222222222222;10.3251408090118;37
"{11094173000132,24845457000165} => {12130958000186}";0.0135779816513761;0.725490196078431;16.3385188786258;37
"{12130958000186,24845457000165} => {11094173000132}";0.0135779816513761;0.685185185185185;25.2314814814815;37
"{11094173000132,12130958000186} => {00761025000108}";0.0106422018348624;0.644444444444444;7.63526570048309;29
"{00761025000108,11094173000132} => {12130958000186}";0.0106422018348624;0.674418604651163;15.1883528733423;29
"{00761025000108,12130958000186} => {11094173000132}";0.0106422018348624;0.537037037037037;19.776026026026;29
"{11094173000132,92823764000103} => {24845457000165}";0.0146788990825688;0.833333333333333;10.4646697388633;40
"{11094173000132,24845457000165} => {92823764000103}";0.0146788990825688;0.784313725490196;17.8104575163399;40
"{24845457000165,92823764000103} => {11094173000132}";0.0146788990825688;0.519480519480519;19.1295191295191;40
"{11094173000132,92823764000103} => {00761025000108}";0.0110091743119266;0.625;7.40489130434783;30
"{00761025000108,11094173000132} => {92823764000103}";0.0110091743119266;0.697674418604651;15.843023255814;30
"{00761025000108,92823764000103} => {11094173000132}";0.0110091743119266;0.612244897959184;22.5455046883618;30
"{11094173000132,24845457000165} => {00761025000108}";0.0113761467889908;0.607843137254902;7.20161977834612;31
"{00761025000108,11094173000132} => {24845457000165}";0.0113761467889908;0.720930232558139;9.0531561461794;31
"{00761025000108,24845457000165} => {11094173000132}";0.0113761467889908;0.402597402597403;14.8253773253773;31
"{10843769000125,20795155000179} => {24845457000165}";0.0110091743119266;0.833333333333333;10.4646697388633;30
"{10843769000125,24845457000165} => {20795155000179}";0.0110091743119266;0.666666666666667;14.5333333333333;30
"{20795155000179,24845457000165} => {10843769000125}";0.0110091743119266;0.303030303030303;7.2434875066454;30
"{12068781000135,20795155000179} => {92823764000103}";0.0102752293577982;0.595744680851064;13.5283687943262;28
"{12068781000135,92823764000103} => {20795155000179}";0.0102752293577982;0.571428571428571;12.4571428571429;28
"{20795155000179,92823764000103} => {12068781000135}";0.0102752293577982;0.583333333333333;16.3874570446735;28
"{12068781000135,20795155000179} => {24845457000165}";0.0154128440366972;0.893617021276596;11.2216884008236;42
"{12068781000135,24845457000165} => {20795155000179}";0.0154128440366972;0.608695652173913;13.2695652173913;42
"{20795155000179,24845457000165} => {12068781000135}";0.0154128440366972;0.424242424242424;11.9181505779444;42
"{12068781000135,92823764000103} => {24845457000165}";0.015045871559633;0.836734693877551;10.5073826765729;41
"{12068781000135,24845457000165} => {92823764000103}";0.015045871559633;0.594202898550725;13.4933574879227;41
"{24845457000165,92823764000103} => {12068781000135}";0.015045871559633;0.532467532467532;14.9584951131343;41
"{12068781000135,15567891000130} => {24845457000165}";0.0102752293577982;0.777777777777778;9.76702508960573;28
"{12068781000135,24845457000165} => {15567891000130}";0.0102752293577982;0.405797101449275;7.27498093058734;28
"{15567891000130,24845457000165} => {12068781000135}";0.0102752293577982;0.424242424242424;11.9181505779444;28
"{12068781000135,24845457000165} => {00761025000108}";0.0106422018348624;0.420289855072464;4.97952110901071;29
"{00761025000108,12068781000135} => {24845457000165}";0.0106422018348624;0.763157894736842;9.5834343924327;29
"{00761025000108,24845457000165} => {12068781000135}";0.0106422018348624;0.376623376623377;10.5803989824608;29
"{12068781000135,24845457000165} => {11464383000175}";0.0132110091743119;0.521739130434783;4.72338581539795;36
"{11464383000175,12068781000135} => {24845457000165}";0.0132110091743119;0.782608695652174;9.82768984171509;36
"{11464383000175,24845457000165} => {12068781000135}";0.0132110091743119;0.36;10.1134020618557;36
"{09071136000167,20795155000179} => {24845457000165}";0.0102752293577982;0.823529411764706;10.3415559772296;28
"{09071136000167,24845457000165} => {20795155000179}";0.0102752293577982;0.666666666666667;14.5333333333333;28
"{09071136000167,15724019000158} => {03655629000168}";0.0121100917431193;0.942857142857143;15.1134453781513;33
"{03655629000168,09071136000167} => {15724019000158}";0.0121100917431193;0.6875;14.5227713178295;33
"{03655629000168,15724019000158} => {09071136000167}";0.0121100917431193;0.336734693877551;7.5834879406308;33
"{03655629000168,09071136000167} => {00761025000108}";0.0106422018348624;0.604166666666667;7.1580615942029;29
"{00761025000108,09071136000167} => {03655629000168}";0.0106422018348624;0.475409836065574;7.6205400192864;29
"{00761025000108,03655629000168} => {09071136000167}";0.0106422018348624;0.3625;8.16373966942149;29
"{00761025000108,09071136000167} => {11464383000175}";0.0102752293577982;0.459016393442623;4.15554708349219;28
"{09071136000167,11464383000175} => {00761025000108}";0.0102752293577982;0.583333333333333;6.91123188405797;28
"{00761025000108,11464383000175} => {09071136000167}";0.0102752293577982;0.304347826086957;6.85411426518146;28
"{00761025000108,08084695000149} => {11464383000175}";0.0124770642201835;0.755555555555556;6.84016242155777;34
"{08084695000149,11464383000175} => {00761025000108}";0.0124770642201835;0.596491228070175;7.06712433257056;34
"{00761025000108,11464383000175} => {08084695000149}";0.0124770642201835;0.369565217391304;9.59109730848861;34
"{12130958000186,20795155000179} => {92823764000103}";0.0132110091743119;0.9;20.4375;36
"{20795155000179,92823764000103} => {12130958000186}";0.0132110091743119;0.75;16.8904958677686;36
"{12130958000186,92823764000103} => {20795155000179}";0.0132110091743119;0.610169491525424;13.3016949152542;36
"{12130958000186,20795155000179} => {24845457000165}";0.0132110091743119;0.9;11.3018433179724;36
"{20795155000179,24845457000165} => {12130958000186}";0.0132110091743119;0.363636363636364;8.1893313298272;36
"{12130958000186,24845457000165} => {20795155000179}";0.0132110091743119;0.666666666666667;14.5333333333333;36
"{20795155000179,92823764000103} => {24845457000165}";0.015045871559633;0.854166666666667;10.7262864823349;41
"{20795155000179,24845457000165} => {92823764000103}";0.015045871559633;0.414141414141414;9.40446127946128;41
"{24845457000165,92823764000103} => {20795155000179}";0.015045871559633;0.532467532467532;11.6077922077922;41
"{15567891000130,20795155000179} => {24845457000165}";0.0139449541284404;0.883720930232558;11.0974172114457;38
"{20795155000179,24845457000165} => {15567891000130}";0.0139449541284404;0.383838383838384;6.88131313131313;38
"{15567891000130,24845457000165} => {20795155000179}";0.0139449541284404;0.575757575757576;12.5515151515152;38
"{15567891000130,20795155000179} => {11464383000175}";0.0113761467889908;0.720930232558139;6.52669396585027;31
"{11464383000175,20795155000179} => {15567891000130}";0.0113761467889908;0.596153846153846;10.6876265182186;31
"{20795155000179,24845457000165} => {00761025000108}";0.0143119266055046;0.393939393939394;4.66732542819499;39
"{00761025000108,20795155000179} => {24845457000165}";0.0143119266055046;0.78;9.79493087557604;39
"{00761025000108,24845457000165} => {20795155000179}";0.0143119266055046;0.506493506493506;11.0415584415584;39
"{20795155000179,24845457000165} => {11464383000175}";0.0157798165137615;0.434343434343434;3.93217893217893;43
"{11464383000175,20795155000179} => {24845457000165}";0.0157798165137615;0.826923076923077;10.3841722793336;43
"{11464383000175,24845457000165} => {20795155000179}";0.0157798165137615;0.43;9.374;43
"{00761025000108,20795155000179} => {11464383000175}";0.0106422018348624;0.58;5.25083056478405;29
"{11464383000175,20795155000179} => {00761025000108}";0.0106422018348624;0.557692307692308;6.60744147157191;29
"{00761025000108,11464383000175} => {20795155000179}";0.0106422018348624;0.315217391304348;6.87173913043478;29
"{12130958000186,92823764000103} => {03655629000168}";0.0113761467889908;0.525423728813559;8.4222333000997;31
"{03655629000168,12130958000186} => {92823764000103}";0.0113761467889908;0.449275362318841;10.2022946859903;31
"{03655629000168,92823764000103} => {12130958000186}";0.0113761467889908;0.794871794871795;17.9010383555838;31
"{12130958000186,92823764000103} => {24845457000165}";0.0161467889908257;0.745762711864407;9.3649925798641;44
"{12130958000186,24845457000165} => {92823764000103}";0.0161467889908257;0.814814814814815;18.5030864197531;44
"{24845457000165,92823764000103} => {12130958000186}";0.0161467889908257;0.571428571428571;12.8689492325856;44
"{12130958000186,92823764000103} => {00761025000108}";0.0110091743119266;0.508474576271186;6.02431834929993;30
"{00761025000108,12130958000186} => {92823764000103}";0.0110091743119266;0.555555555555556;12.6157407407407;30
"{00761025000108,92823764000103} => {12130958000186}";0.0110091743119266;0.612244897959184;13.788159892056;30
"{12130958000186,15724019000158} => {03655629000168}";0.0154128440366972;0.857142857142857;13.7394957983193;42
"{03655629000168,12130958000186} => {15724019000158}";0.0154128440366972;0.608695652173913;12.8581058308055;42
"{03655629000168,15724019000158} => {12130958000186}";0.0154128440366972;0.428571428571429;9.6517119244392;42
"{03655629000168,12130958000186} => {24845457000165}";0.0106422018348624;0.420289855072464;5.27783343351366;29
"{12130958000186,24845457000165} => {03655629000168}";0.0106422018348624;0.537037037037037;8.60838779956427;29
"{03655629000168,24845457000165} => {12130958000186}";0.0106422018348624;0.674418604651163;15.1883528733423;29
"{03655629000168,12130958000186} => {00761025000108}";0.0124770642201835;0.492753623188406;5.83805923125394;34
"{00761025000108,12130958000186} => {03655629000168}";0.0124770642201835;0.62962962962963;10.0925925925926;34
"{00761025000108,03655629000168} => {12130958000186}";0.0124770642201835;0.425;9.57128099173554;34
"{12130958000186,24845457000165} => {00761025000108}";0.0110091743119266;0.555555555555556;6.58212560386473;30
"{00761025000108,12130958000186} => {24845457000165}";0.0110091743119266;0.555555555555556;6.97644649257552;30
"{00761025000108,24845457000165} => {12130958000186}";0.0110091743119266;0.38961038961039;8.774283567672;30
"{15567891000130,92823764000103} => {24845457000165}";0.0110091743119266;0.789473684210526;9.91389764734417;30
"{24845457000165,92823764000103} => {15567891000130}";0.0110091743119266;0.38961038961039;6.98479152426521;30
"{15567891000130,24845457000165} => {92823764000103}";0.0110091743119266;0.454545454545455;10.3219696969697;30
"{03655629000168,92823764000103} => {24845457000165}";0.0102752293577982;0.717948717948718;9.01571546732837;28
"{24845457000165,92823764000103} => {03655629000168}";0.0102752293577982;0.363636363636364;5.82887700534759;28
"{03655629000168,24845457000165} => {92823764000103}";0.0102752293577982;0.651162790697674;14.7868217054264;28
"{24845457000165,92823764000103} => {00761025000108}";0.0121100917431193;0.428571428571429;5.0776397515528;33
"{00761025000108,92823764000103} => {24845457000165}";0.0121100917431193;0.673469387755102;8.45716166650992;33
"{00761025000108,24845457000165} => {92823764000103}";0.0121100917431193;0.428571428571429;9.73214285714286;33
"{24845457000165,92823764000103} => {11464383000175}";0.0143119266055046;0.506493506493506;4.58536480131164;39
"{11464383000175,92823764000103} => {24845457000165}";0.0143119266055046;0.65;8.16244239631336;39
"{11464383000175,24845457000165} => {92823764000103}";0.0143119266055046;0.39;8.85625;39
"{00761025000108,92823764000103} => {11464383000175}";0.0106422018348624;0.591836734693878;5.35799037222863;29
"{11464383000175,92823764000103} => {00761025000108}";0.0106422018348624;0.483333333333333;5.72644927536232;29
"{00761025000108,11464383000175} => {92823764000103}";0.0106422018348624;0.315217391304348;7.1580615942029;29
"{15567891000130,24845457000165} => {11464383000175}";0.0172477064220183;0.712121212121212;6.44694452833988;47
"{11464383000175,15567891000130} => {24845457000165}";0.0172477064220183;0.443396226415094;5.56799408747066;47
"{11464383000175,24845457000165} => {15567891000130}";0.0172477064220183;0.47;8.42598684210526;47
"{00761025000108,15567891000130} => {11464383000175}";0.011743119266055;0.761904761904762;6.89764277804145;32
"{11464383000175,15567891000130} => {00761025000108}";0.011743119266055;0.30188679245283;3.57670221493027;32
"{00761025000108,11464383000175} => {15567891000130}";0.011743119266055;0.347826086956522;6.23569794050343;32
"{03655629000168,15724019000158} => {00761025000108}";0.0172477064220183;0.479591836734694;5.6821206743567;47
"{00761025000108,15724019000158} => {03655629000168}";0.0172477064220183;0.712121212121212;11.4148841354724;47
"{00761025000108,03655629000168} => {15724019000158}";0.0172477064220183;0.5875;12.4103682170543;47
"{03655629000168,15724019000158} => {11464383000175}";0.0132110091743119;0.36734693877551;3.3256491965557;36
"{11464383000175,15724019000158} => {03655629000168}";0.0132110091743119;0.878048780487805;14.0746054519369;36
"{03655629000168,11464383000175} => {15724019000158}";0.0132110091743119;0.631578947368421;13.3414932680539;36
"{03655629000168,24845457000165} => {00761025000108}";0.0106422018348624;0.674418604651163;7.99039433771486;29
"{00761025000108,03655629000168} => {24845457000165}";0.0106422018348624;0.3625;4.55213133640553;29
"{00761025000108,24845457000165} => {03655629000168}";0.0106422018348624;0.376623376623377;6.03705118411001;29
"{00761025000108,03655629000168} => {11464383000175}";0.0110091743119266;0.375;3.39493355481728;30
"{03655629000168,11464383000175} => {00761025000108}";0.0110091743119266;0.526315789473684;6.23569794050343;30
"{00761025000108,11464383000175} => {03655629000168}";0.0110091743119266;0.326086956521739;5.2269820971867;30
"{00761025000108,24845457000165} => {11464383000175}";0.0172477064220183;0.61038961038961;5.52595245286275;47
"{11464383000175,24845457000165} => {00761025000108}";0.0172477064220183;0.47;5.56847826086956;47
"{00761025000108,11464383000175} => {24845457000165}";0.0172477064220183;0.510869565217391;6.41529753556402;47
"{08398304000160,08573956000194,14801463000167} => {15121468000101}";0.0128440366972477;0.777777777777778;19.2676767676768;35
"{08398304000160,14801463000167,15121468000101} => {08573956000194}";0.0128440366972477;0.972222222222222;32.707475994513;35
"{08573956000194,14801463000167,15121468000101} => {08398304000160}";0.0128440366972477;1;35.8552631578947;35
"{08398304000160,08573956000194,15121468000101} => {14801463000167}";0.0128440366972477;0.660377358490566;22.4941037735849;35
"{11094173000132,12130958000186,20795155000179} => {92823764000103}";0.0110091743119266;0.909090909090909;20.6439393939394;30
"{11094173000132,20795155000179,92823764000103} => {12130958000186}";0.0110091743119266;0.9375;21.1131198347107;30
"{11094173000132,12130958000186,92823764000103} => {20795155000179}";0.0110091743119266;0.833333333333333;18.1666666666667;30
"{12130958000186,20795155000179,92823764000103} => {11094173000132}";0.0110091743119266;0.833333333333333;30.6869369369369;30
"{11094173000132,12130958000186,20795155000179} => {24845457000165}";0.0113761467889908;0.939393939393939;11.7965367965368;31
"{11094173000132,20795155000179,24845457000165} => {12130958000186}";0.0113761467889908;0.885714285714286;19.9468713105077;31
"{11094173000132,12130958000186,24845457000165} => {20795155000179}";0.0113761467889908;0.837837837837838;18.2648648648649;31
"{12130958000186,20795155000179,24845457000165} => {11094173000132}";0.0113761467889908;0.861111111111111;31.7098348348348;31
"{11094173000132,20795155000179,92823764000103} => {24845457000165}";0.0106422018348624;0.90625;11.3803283410138;29
"{11094173000132,20795155000179,24845457000165} => {92823764000103}";0.0106422018348624;0.828571428571429;18.8154761904762;29
"{11094173000132,24845457000165,92823764000103} => {20795155000179}";0.0106422018348624;0.725;15.805;29
"{20795155000179,24845457000165,92823764000103} => {11094173000132}";0.0106422018348624;0.707317073170732;26.0464733025709;29
"{11094173000132,12130958000186,92823764000103} => {24845457000165}";0.0121100917431193;0.916666666666667;11.5111367127496;33
"{11094173000132,12130958000186,24845457000165} => {92823764000103}";0.0121100917431193;0.891891891891892;20.2533783783784;33
"{11094173000132,24845457000165,92823764000103} => {12130958000186}";0.0121100917431193;0.825;18.5795454545455;33
"{12130958000186,24845457000165,92823764000103} => {11094173000132}";0.0121100917431193;0.75;27.6182432432432;33
"{12130958000186,20795155000179,92823764000103} => {24845457000165}";0.011743119266055;0.888888888888889;11.1623143881208;32
"{12130958000186,20795155000179,24845457000165} => {92823764000103}";0.011743119266055;0.888888888888889;20.1851851851852;32
"{20795155000179,24845457000165,92823764000103} => {12130958000186}";0.011743119266055;0.780487804878049;17.5771013908486;32
"{12130958000186,24845457000165,92823764000103} => {20795155000179}";0.011743119266055;0.727272727272727;15.8545454545455;32
"{11094173000132,12130958000186,20795155000179,92823764000103} => {24845457000165}";0.0102752293577982;0.933333333333333;11.7204301075269;28
"{11094173000132,12130958000186,20795155000179,24845457000165} => {92823764000103}";0.0102752293577982;0.903225806451613;20.510752688172;28
"{11094173000132,20795155000179,24845457000165,92823764000103} => {12130958000186}";0.0102752293577982;0.96551724137931;21.7440866343688;28
"{11094173000132,12130958000186,24845457000165,92823764000103} => {20795155000179}";0.0102752293577982;0.848484848484849;18.4969696969697;28
"{12130958000186,20795155000179,24845457000165,92823764000103} => {11094173000132}";0.0102752293577982;0.875;32.2212837837838;28
